PSC,Profile,Algorithm,eta_total (%),RMSE_total (W),MAE_total (W),RMSE_ss (W),MAE_ss (W),std_ss (W),Response time (s)
Easy,Step,Spline-MPPT,90.9,53.84,35.20,39.76,20.60,34.009,n/a*
Easy,Step,P&O,91.7,34.48,32.09,37.23,37.22,0.729,0.0
Easy,Step,INC,91.8,33.99,31.55,36.67,36.67,0.000,0.0
Easy,Linear 5 s,Spline-MPPT,91.2,52.96,33.98,43.35,19.70,38.613,15.2
Easy,Linear 5 s,P&O,92.6,32.50,28.82,37.22,37.22,0.722,4.8
Easy,Linear 5 s,INC,92.7,32.08,28.41,36.67,36.67,0.000,4.7
Easy,Linear 10 s,Spline-MPPT,91.3,53.57,33.92,50.86,35.07,36.842,n/a*
Easy,Linear 10 s,P&O,93.3,30.85,26.17,37.21,37.21,0.716,9.5
Easy,Linear 10 s,INC,93.3,30.76,26.05,37.08,37.08,0.000,9.5
Easy,Linear 20 s,Spline-MPPT,91.6,53.72,32.84,64.07,48.73,41.598,n/a*
Easy,Linear 20 s,P&O,94.3,28.33,22.46,37.22,37.21,0.717,19.1
Easy,Linear 20 s,INC,94.4,27.94,22.10,36.67,36.67,0.000,19.0
Easy,Sigmoid b=0.5 s,Spline-MPPT,91.0,53.41,34.78,44.90,21.01,39.687,15.3
Easy,Sigmoid b=0.5 s,P&O,92.4,32.86,29.48,37.22,37.21,0.722,4.0
Easy,Sigmoid b=0.5 s,INC,92.5,32.48,29.10,36.67,36.67,0.000,3.8
Easy,Sigmoid b=1 s,Spline-MPPT,91.0,54.18,35.15,50.86,35.06,36.840,n/a*
Easy,Sigmoid b=1 s,P&O,93.0,31.55,27.44,37.21,37.20,0.716,8.0
Easy,Sigmoid b=1 s,INC,93.1,31.22,27.12,36.67,36.67,0.000,7.9
Easy,Sigmoid b=2 s,Spline-MPPT,91.1,55.00,34.94,64.06,48.63,41.694,n/a*
Easy,Sigmoid b=2 s,P&O,93.8,29.56,24.46,37.21,37.20,0.717,15.9
Easy,Sigmoid b=2 s,INC,93.8,29.50,24.40,37.08,37.08,0.000,15.9
Easy,Sigmoid b=5 s,Spline-MPPT,92.5,51.97,30.12,60.57,42.23,43.418,58.6
Easy,Sigmoid b=5 s,P&O,95.0,26.12,19.82,37.20,37.19,0.718,39.9
Easy,Sigmoid b=5 s,INC,95.1,26.07,19.73,36.94,36.94,0.392,39.6
Moderate,Step,Spline-MPPT,86.2,51.78,35.88,43.10,27.78,32.948,n/a*
Moderate,Step,P&O,80.5,54.40,50.55,58.74,58.74,0.136,0.0
Moderate,Step,INC,80.5,54.57,50.70,58.93,58.93,0.000,0.0
Moderate,Linear 5 s,Spline-MPPT,86.4,49.95,35.38,25.98,11.91,23.091,n/a*
Moderate,Linear 5 s,P&O,81.7,52.08,47.44,58.74,58.74,0.137,4.8
Moderate,Linear 5 s,INC,81.8,51.97,47.32,58.61,58.61,0.000,4.8
Moderate,Linear 10 s,Spline-MPPT,85.9,51.58,36.67,63.93,51.09,38.424,n/a*
Moderate,Linear 10 s,P&O,82.6,50.24,45.07,58.74,58.74,0.138,9.4
Moderate,Linear 10 s,INC,82.6,50.39,45.21,58.93,58.93,0.000,9.4
Moderate,Linear 20 s,Spline-MPPT,88.4,45.52,30.06,46.84,29.55,36.337,8.1
Moderate,Linear 20 s,P&O,84.0,47.45,41.64,58.74,58.74,0.138,18.8
Moderate,Linear 20 s,INC,83.9,47.62,41.80,58.93,58.93,0.000,18.9
Moderate,Sigmoid b=0.5 s,Spline-MPPT,86.3,50.32,35.56,25.57,11.71,22.731,n/a*
Moderate,Sigmoid b=0.5 s,P&O,81.7,52.42,47.56,58.74,58.74,0.137,3.9
Moderate,Sigmoid b=0.5 s,INC,81.6,52.64,47.76,58.93,58.93,0.000,3.9
Moderate,Sigmoid b=1 s,Spline-MPPT,85.9,51.98,36.70,62.96,49.93,38.365,n/a*
Moderate,Sigmoid b=1 s,P&O,82.6,50.87,45.29,58.74,58.74,0.138,7.8
Moderate,Sigmoid b=1 s,INC,82.5,51.07,45.49,58.93,58.93,0.000,7.8
Moderate,Sigmoid b=2 s,Spline-MPPT,88.6,45.91,29.59,46.41,29.30,35.985,n/a*
Moderate,Sigmoid b=2 s,P&O,83.8,48.53,42.01,58.74,58.74,0.137,15.6
Moderate,Sigmoid b=2 s,INC,83.8,48.64,42.11,58.61,58.61,0.000,15.6
Moderate,Sigmoid b=5 s,Spline-MPPT,89.1,44.63,28.46,59.92,46.58,37.685,n/a*
Moderate,Sigmoid b=5 s,P&O,85.8,44.57,36.81,58.73,58.73,0.140,39.0
Moderate,Sigmoid b=5 s,INC,85.8,44.73,36.94,58.86,58.86,0.260,39.0
Hard,Step,Spline-MPPT,63.0,89.76,74.08,75.62,67.33,34.424,n/a*
Hard,Step,P&O,36.2,129.75,127.60,137.21,137.21,0.331,0.0
Hard,Step,INC,36.2,129.79,127.61,137.27,137.27,0.000,0.0
Hard,Linear 5 s,Spline-MPPT,68.6,79.59,62.73,48.19,32.44,35.634,n/a*
Hard,Linear 5 s,P&O,37.8,126.83,124.43,137.20,137.20,0.328,5.0
Hard,Linear 5 s,INC,37.8,126.73,124.32,137.11,137.11,0.000,5.0
Hard,Linear 10 s,Spline-MPPT,68.3,80.59,63.40,80.90,48.84,64.486,n/a*
Hard,Linear 10 s,P&O,39.0,124.58,122.05,137.21,137.21,0.331,9.9
Hard,Linear 10 s,INC,38.9,124.78,122.22,137.45,137.45,0.000,9.9
Hard,Linear 20 s,Spline-MPPT,68.1,80.08,63.75,90.44,76.41,48.384,n/a*
Hard,Linear 20 s,P&O,40.7,121.23,118.59,137.21,137.21,0.330,19.8
Hard,Linear 20 s,INC,40.1,122.45,119.72,138.74,138.74,0.000,19.7
Hard,Sigmoid b=0.5 s,Spline-MPPT,68.6,79.84,62.74,48.19,32.44,35.634,n/a*
Hard,Sigmoid b=0.5 s,P&O,37.8,126.98,124.43,137.20,137.20,0.328,4.7
Hard,Sigmoid b=0.5 s,INC,35.0,132.98,129.97,144.79,144.79,0.000,7.0
Hard,Sigmoid b=1 s,Spline-MPPT,68.7,79.78,62.67,80.90,48.84,64.485,n/a*
Hard,Sigmoid b=1 s,P&O,39.0,124.85,122.05,137.21,137.21,0.330,9.5
Hard,Sigmoid b=1 s,INC,35.7,132.03,128.57,146.71,146.71,0.000,10.9
Hard,Sigmoid b=2 s,Spline-MPPT,68.4,79.39,63.11,90.44,76.42,48.384,n/a*
Hard,Sigmoid b=2 s,P&O,40.7,121.69,118.59,137.21,137.21,0.330,18.9
Hard,Sigmoid b=2 s,INC,72.0,67.76,56.03,26.65,26.65,0.000,18.9
Hard,Sigmoid b=5 s,Spline-MPPT,69.4,78.95,61.21,86.73,64.48,58.013,n/a*
Hard,Sigmoid b=5 s,P&O,43.5,116.49,113.10,137.19,137.19,0.326,47.1
Hard,Sigmoid b=5 s,INC,67.7,75.55,64.63,26.65,26.65,0.000,42.2
Extreme,Step,Spline-MPPT,50.9,114.07,98.20,92.98,89.32,25.819,n/a*
Extreme,Step,P&O,19.2,163.14,161.47,170.97,170.97,0.079,0.0
Extreme,Step,INC,19.2,163.19,161.51,171.05,171.05,0.000,0.0
Extreme,Linear 5 s,Spline-MPPT,57.8,103.06,84.29,62.96,39.66,48.895,n/a*
Extreme,Linear 5 s,P&O,20.8,160.24,158.40,170.97,170.97,0.079,5.0
Extreme,Linear 5 s,INC,20.8,160.23,158.38,170.97,170.97,0.000,5.0
Extreme,Linear 10 s,Spline-MPPT,56.8,105.67,86.49,105.96,67.90,81.343,n/a*
Extreme,Linear 10 s,P&O,22.0,158.01,156.07,170.97,170.97,0.080,9.9
Extreme,Linear 10 s,INC,21.7,158.65,156.67,171.77,171.77,0.000,10.0
Extreme,Linear 20 s,Spline-MPPT,57.1,103.66,85.68,108.26,93.81,54.026,n/a*
Extreme,Linear 20 s,P&O,23.7,154.69,152.68,170.97,170.97,0.079,19.8
Extreme,Linear 20 s,INC,53.4,98.11,93.24,70.39,70.39,0.000,17.4
Extreme,Sigmoid b=0.5 s,Spline-MPPT,57.8,103.24,84.32,62.96,39.66,48.895,n/a*
Extreme,Sigmoid b=0.5 s,P&O,20.8,160.36,158.40,170.97,170.97,0.079,5.5
Extreme,Sigmoid b=0.5 s,INC,20.2,161.68,159.64,172.62,172.62,0.000,5.8
Extreme,Sigmoid b=1 s,Spline-MPPT,57.2,104.83,85.76,105.96,67.90,81.343,n/a*
Extreme,Sigmoid b=1 s,P&O,22.0,158.22,156.08,170.97,170.97,0.079,11.1
Extreme,Sigmoid b=1 s,INC,54.6,96.39,90.89,70.39,70.39,0.000,11.1
Extreme,Sigmoid b=2 s,Spline-MPPT,57.5,102.91,85.02,108.26,93.81,54.026,n/a*
Extreme,Sigmoid b=2 s,P&O,23.6,155.06,152.70,170.97,170.97,0.080,18.7
Extreme,Sigmoid b=2 s,INC,54.1,96.64,91.78,70.39,70.39,0.000,16.8
Extreme,Sigmoid b=5 s,Spline-MPPT,58.8,102.01,82.41,106.67,81.16,69.226,n/a*
Extreme,Sigmoid b=5 s,P&O,26.3,149.90,147.33,170.96,170.96,0.073,46.6
Extreme,Sigmoid b=5 s,INC,54.5,94.59,90.91,70.39,70.39,0.000,31.1
